customer_id,name,email,loyalty_status
27592,Diena Lusted,dlusted0@fc2.com,Gold
24865,Silvan Simonot,ssimonot1@scribd.com,Platinum
7014,Sallyann Mountstephen,smountstephen2@bbc.co.uk,Gold
15190,Virgina McChruiter,vmcchruiter3@seesaa.net,None
1190,Cristal Oxborough,coxborough4@facebook.com,Platinum
21302,Marleen Kohter,mkohter5@vk.com,Gold
27096,Hi Grainge,hgrainge6@ox.ac.uk,Bronze
31691,Toddie McCadden,tmccadden7@ezinearticles.com,None
11370,Tamra Butchers,tbutchers8@ted.com,Platinum
19735,Smitty Ivashnyov,sivashnyov9@technorati.com,Platinum
37284,Marita Vlasyuk,mvlasyuka@craigslist.org,Bronze
36407,Roddy Thatcham,rthatchamb@cafepress.com,Silver
19887,Fons Woolpert,fwoolpertc@pagesperso-orange.fr,Gold
34138,Maddy Saffill,msaffilld@sakura.ne.jp,Platinum
16165,Tristam Ivannikov,tivannikove@hugedomains.com,Silver
24726,Elvyn Francie,efrancief@wufoo.com,Platinum
39340,Ibby O'Carran,iocarrang@va.gov,Silver
12459,Zia Swinley,zswinleyh@dailymotion.com,None
12692,Gamaliel Payne,gpaynei@columbia.edu,Gold
29905,Keith Albasini,kalbasinij@yolasite.com,Gold
4946,Francois Cockings,fcockingsk@google.com.br,Bronze
8177,Angie Grew,agrewl@storify.com,Gold
29305,Aundrea McMeekan,amcmeekanm@prnewswire.com,None
7858,Marilyn Silman,msilmann@soup.io,Gold
8026,Harman Sheraton,hsheratono@godaddy.com,Gold
250,Madonna Micklem,mmicklemp@adobe.com,Platinum
27246,Flynn Edgerton,fedgertonq@oaic.gov.au,Platinum
6283,Tami Foyster,tfoysterr@pinterest.com,Silver
5969,Chantalle Tothacot,ctothacots@amazon.de,Gold
22735,Riki Northage,rnorthaget@fastcompany.com,None
21355,Baldwin Honig,bhonigu@theguardian.com,Silver
4199,Charisse Klais,cklaisv@wired.com,None
8516,Bobbe Ringsell,bringsellw@imgur.com,None
8406,Wilona Ingre,wingrex@google.com,Platinum
33884,Freemon Filipchikov,ffilipchikovy@wp.com,Platinum
1915,Sari Goggins,sgogginsz@dagondesign.com,Bronze
23872,Bjorn Pleasants,bpleasants10@yahoo.com,None
31206,Madlin Mostyn,mmostyn11@jigsy.com,Platinum
23677,Romonda Coushe,rcoushe12@hc360.com,Platinum
26306,Vachel Sartin,vsartin13@icq.com,Gold
37813,Lennard Barden,lbarden14@skyrock.com,Platinum
31324,Neysa Claxton,nclaxton15@aol.com,Silver
17504,Urbanus Jacobovitch,ujacobovitch16@epa.gov,Bronze
25416,D'arcy Gecks,dgecks17@engadget.com,Silver
17651,Kevina Ochterlony,kochterlony18@washingtonpost.com,None
8928,Jamaal Fray,jfray19@privacy.gov.au,Bronze
7287,Roshelle Fashion,rfashion1a@answers.com,None
10635,Archie Thoumas,athoumas1b@ow.ly,Bronze
19179,Rossie Broxton,rbroxton1c@admin.ch,Gold
29376,Nichol Headley,nheadley1d@narod.ru,Silver
37947,Tome Brandt,tbrandt1e@domainmarket.com,None
23866,Lolita Meysham,lmeysham1f@newsvine.com,Platinum
1113,Theresita Deerr,tdeerr1g@tinypic.com,Gold
26726,Martina Neesham,mneesham1h@photobucket.com,Silver
18382,Tessy Francie,tfrancie1i@japanpost.jp,Platinum
25037,Kattie Poschel,kposchel1j@businessinsider.com,Gold
2294,Shane Melhuish,smelhuish1k@example.com,Silver
11479,Joleen Humm,jhumm1l@wisc.edu,Gold
408,Jacquelynn Stapleton,jstapleton1m@ocn.ne.jp,None
14438,Regine Palfreyman,rpalfreyman1n@etsy.com,None
19394,Chalmers Roantree,croantree1o@stanford.edu,Silver
9000,Halli Titterell,htitterell1p@amazon.com,Silver
20734,Kelley Shyres,kshyres1q@t-online.de,Silver
32303,Arron Bawles,abawles1r@xinhuanet.com,Bronze
19270,Susana Winger,swinger1s@ameblo.jp,Bronze
22231,Jeffry Barizeret,jbarizeret1t@japanpost.jp,None
26923,Hersh Buckthorpe,hbuckthorpe1u@spiegel.de,Gold
3270,Wheeler Tunney,wtunney1v@rakuten.co.jp,None
16791,Gelya Blakeman,gblakeman1w@youtu.be,Platinum
27807,Curt Blakey,cblakey1x@apple.com,Silver
1015,Daven Greedy,dgreedy1y@furl.net,Platinum
18282,Stacy Mara,smara1z@slashdot.org,Bronze
13367,Ericha Dallison,edallison20@ox.ac.uk,None
39545,Bertine Stabler,bstabler21@amazonaws.com,Platinum
19851,Corny Alkins,calkins22@jigsy.com,Platinum
3364,Pippy Brandrick,pbrandrick23@1und1.de,None
19491,Dominica Armor,darmor24@reference.com,Platinum
24731,Carlita Blench,cblench25@whitehouse.gov,None
29899,Allen Prandin,aprandin26@yahoo.co.jp,Bronze
4583,Joelly Synan,jsynan27@wordpress.com,Bronze
25540,Miner Levis,mlevis28@ycombinator.com,Gold
10465,Asa Powter,apowter29@hhs.gov,Gold
17080,Dian Gelling,dgelling2a@blogtalkradio.com,Bronze
5511,Adrianna Vallantine,avallantine2b@alexa.com,Gold
26481,Yoshiko Mallan,ymallan2c@edublogs.org,Gold
25238,Blanca Baal,bbaal2d@wunderground.com,Bronze
9017,Rocky Bracegirdle,rbracegirdle2e@answers.com,None
1808,Jordon Roots,jroots2f@thetimes.co.uk,Gold
9042,Mareah Viles,mviles2g@rambler.ru,Silver
18385,Rafaelita Dennes,rdennes2h@sun.com,Platinum
3905,Myrvyn Coker,mcoker2i@themeforest.net,Silver
39961,Laurella Marshall,lmarshall2j@spiegel.de,None
21364,Whitman Jorgensen,wjorgensen2k@barnesandnoble.com,None
37551,Stefano Fellow,sfellow2l@discovery.com,Platinum
11772,Janith Crann,jcrann2m@discovery.com,Platinum
27707,Pepita Lawday,plawday2n@amazonaws.com,Gold
418,Sarajane Slobom,sslobom2o@sogou.com,Silver
27555,Korella Tayloe,ktayloe2p@technorati.com,Silver
15610,Tod Bawle,tbawle2q@phoca.cz,Gold
27328,Clim Boynton,cboynton2r@mayoclinic.com,Silver
10278,Marillin Fadden,mfadden2s@photobucket.com,Silver
31076,Fritz Meddick,fmeddick2t@intel.com,Silver
31843,Ibbie Pfeiffer,ipfeiffer2u@vistaprint.com,Platinum
10601,Jordan Mowen,jmowen2v@naver.com,Gold
34275,Audrye Fulger,afulger2w@usgs.gov,Gold
10801,Stacia Escale,sescale2x@cbsnews.com,Gold
17213,Jeane Neate,jneate2y@pcworld.com,Bronze
14410,Aguie Tommasuzzi,atommasuzzi2z@dmoz.org,Silver
9696,Fairleigh Jentges,fjentges30@cyberchimps.com,Bronze
36333,Blinny Retallick,bretallick31@liveinternet.ru,Bronze
24944,Charlot Amerighi,camerighi32@cisco.com,None
24807,Nerita Wileman,nwileman33@behance.net,None
18751,Aurelea Hardway,ahardway34@opera.com,Silver
39771,Devondra Cupper,dcupper35@technorati.com,Gold
27334,Land Matresse,lmatresse36@photobucket.com,Platinum
25934,Debbie Lapsley,dlapsley37@rakuten.co.jp,Silver
20687,Davita Boulton,dboulton38@toplist.cz,None
29316,Malanie Danbye,mdanbye39@usatoday.com,Bronze
36078,Ali Sijmons,asijmons3a@cdbaby.com,Bronze
6024,Monah Churchlow,mchurchlow3b@omniture.com,Bronze
37373,Olive Polini,opolini3c@youku.com,None
4411,Jazmin Wearden,jwearden3d@dailymail.co.uk,Bronze
13799,Roselin Lias,rlias3e@histats.com,Bronze
23392,Terrye Curton,tcurton3f@nih.gov,Platinum
33354,Gaylord McLae,gmclae3g@taobao.com,Platinum
9252,Ethelyn Jahan,ejahan3h@multiply.com,Platinum
16127,Sydelle Robic,srobic3i@feedburner.com,Gold
5984,Filmore Signori,fsignori3j@geocities.jp,Gold
26033,Gian Lodewick,glodewick3k@bbb.org,None
1229,Genvieve Minihane,gminihane3l@t.co,Bronze
26998,Giselbert Fergie,gfergie3m@house.gov,Platinum
19046,Chrissie Ramalho,cramalho3n@cornell.edu,Bronze
30701,Tatum Leate,tleate3o@dyndns.org,Silver
3561,Asia Grills,agrills3p@nsw.gov.au,Gold
33839,Martynne McFall,mmcfall3q@reference.com,Bronze
24372,Charmion Ridgway,cridgway3r@cargocollective.com,Gold
1111,Aura McNysche,amcnysche3s@thetimes.co.uk,Platinum
35028,Gauthier Hedingham,ghedingham3t@answers.com,None
2500,Siouxie Inchan,sinchan3u@canalblog.com,Bronze
37800,Chicky Symcoxe,csymcoxe3v@timesonline.co.uk,Platinum
10231,Bobette Point,bpoint3w@mozilla.com,Platinum
4954,Evan Laherty,elaherty3x@hp.com,Bronze
38533,Horton Cleft,hcleft3y@nasa.gov,None
32633,Ginnifer cornhill,gcornhill3z@1688.com,None
2024,Mikey Southcott,msouthcott40@guardian.co.uk,Silver
4934,Ivie Greveson,igreveson41@google.com.br,Gold
13062,Floris Milton-White,fmiltonwhite42@sakura.ne.jp,Silver
18964,Myrtie Witcombe,mwitcombe43@adobe.com,Silver
2516,Vincents Yabsley,vyabsley44@desdev.cn,Silver
7885,Roarke Collop,rcollop45@scientificamerican.com,None
28632,Farica Ghilardini,fghilardini46@va.gov,Bronze
32689,Kenna Adamides,kadamides47@mashable.com,None
8252,Berri Spencers,bspencers48@uol.com.br,Gold
30511,Gare Barclay,gbarclay49@nifty.com,Platinum
11596,Chrystal Sirmon,csirmon4a@patch.com,Bronze
3067,Florencia Kinvan,fkinvan4b@youku.com,None
28835,Trudy Mathewson,tmathewson4c@dmoz.org,Silver
5201,Lynsey Dunbabin,ldunbabin4d@unesco.org,Bronze
8916,Mendie Hubble,mhubble4e@sun.com,Gold
19260,Laurette Cantrill,lcantrill4f@themeforest.net,Platinum
13132,Glynnis Pfiffer,gpfiffer4g@pbs.org,None
11216,Borg Fossick,bfossick4h@acquirethisname.com,Gold
1162,Jackelyn Fraschini,jfraschini4i@vistaprint.com,Platinum
24434,Wes Casaccia,wcasaccia4j@gravatar.com,Bronze
20398,Karoline McDougald,kmcdougald4k@bluehost.com,Platinum
25021,Bourke Tipling,btipling4l@cam.ac.uk,Gold
32958,Natividad Bulford,nbulford4m@go.com,Bronze
37171,Dorie Annott,dannott4n@noaa.gov,Bronze
33634,Meredeth Matis,mmatis4o@edublogs.org,Platinum
12313,Lind Barrack,lbarrack4p@amazon.de,Bronze
21960,Gerek Disbury,gdisbury4q@weather.com,None
31941,Billi Didsbury,bdidsbury4r@cnn.com,Bronze
9381,Wilt Mander,wmander4s@surveymonkey.com,Silver
8474,Heinrik Le Page,hle4t@digg.com,None
29049,Rawley Orlton,rorlton4u@buzzfeed.com,None
23747,Tonya Mallinar,tmallinar4v@tinyurl.com,Bronze
21604,Arturo Pessolt,apessolt4w@nyu.edu,Silver
29609,Stephanie Ranken,sranken4x@fastcompany.com,Bronze
25023,Vivi Hallewell,vhallewell4y@sogou.com,Gold
11865,Burke Brasted,bbrasted4z@blogtalkradio.com,Platinum
38369,Shay Fortnum,sfortnum50@php.net,Gold
37094,Mirelle Cadd,mcadd51@oracle.com,Bronze
10388,Nanon Champagne,nchampagne52@123-reg.co.uk,Gold
4862,Carson Muldrew,cmuldrew53@histats.com,Silver
12097,Roxana McCaskell,rmccaskell54@taobao.com,Gold
39005,Alleen Noury,anoury55@bandcamp.com,None
24839,Lyndsay Youthed,lyouthed56@globo.com,None
12076,Christa Sporrij,csporrij57@webmd.com,Bronze
18803,Drusi Bean,dbean58@answers.com,Gold
20954,Sterne Keoghane,skeoghane59@newsvine.com,Gold
627,Rosalyn Spinas,rspinas5a@angelfire.com,Bronze
14285,Tammie Corck,tcorck5b@mozilla.org,Gold
36702,Niel Kilian,nkilian5c@va.gov,Silver
17824,Boote Sex,bsex5d@mit.edu,Bronze
37325,Cross Bilson,cbilson5e@cpanel.net,Platinum
6888,Sandy Greensitt,sgreensitt5f@skype.com,None
9771,Cosme Tawton,ctawton5g@jimdo.com,Platinum
27721,Abel Harcarse,aharcarse5h@seesaa.net,Bronze
11568,Keeley Baddoe,kbaddoe5i@tmall.com,Silver
37283,Delores Royan,droyan5j@salon.com,None
8751,Harry Lyste,hlyste5k@bluehost.com,Platinum
1821,Dugald Fearnyough,dfearnyough5l@aol.com,Silver
22157,Harper Chstney,hchstney5m@alexa.com,Silver
27252,Randy Sloan,rsloan5n@cocolog-nifty.com,Bronze
9407,Dunn Hughes,dhughes5o@un.org,Silver
3578,Archy Copnall,acopnall5p@omniture.com,Silver
17603,Dee Yates,dyates5q@mit.edu,Silver
23084,Winfield Sigfrid,wsigfrid5r@cdbaby.com,None
19392,Verine Wones,vwones5s@clickbank.net,Platinum
36043,Johnna Desorts,jdesorts5t@comcast.net,Silver
39552,Christian Flanne,cflanne5u@addtoany.com,Platinum
28577,Noel Tuxwell,ntuxwell5v@typepad.com,None
38782,Sandye Crottagh,scrottagh5w@cmu.edu,Gold
39088,Lauralee Clemont,lclemont5x@yelp.com,Silver
34985,Imogen Winchcum,iwinchcum5y@noaa.gov,Bronze
29473,Collin Trewinnard,ctrewinnard5z@godaddy.com,Gold
450,Wilfred Evenden,wevenden60@jalbum.net,Silver
30061,Brandais Capeling,bcapeling61@pinterest.com,Platinum
30365,Dur Dries,ddries62@quantcast.com,Gold
6884,Justine Heggman,jheggman63@nps.gov,Platinum
11417,Wandis Keattch,wkeattch64@aboutads.info,Bronze
9016,Ulrike Ryott,uryott65@paginegialle.it,Silver
3099,Candida O'Scollee,coscollee66@ehow.com,Platinum
28665,Hew Branch,hbranch67@goo.ne.jp,Gold
8718,Marji Sawers,msawers68@amazon.de,None
22040,Lewes Call,lcall69@nbcnews.com,Silver
28362,Arri Talman,atalman6a@purevolume.com,Gold
37939,Izaak Pampling,ipampling6b@paypal.com,Silver
18604,Merle Elfitt,melfitt6c@discuz.net,Bronze
24929,Blane MacInnes,bmacinnes6d@youku.com,Silver
7512,Dorolice Brisard,dbrisard6e@usa.gov,Silver
8647,Mireielle Jarmain,mjarmain6f@java.com,Gold
35057,Leontine Gabey,lgabey6g@amazonaws.com,Bronze
22679,Jammie Noir,jnoir6h@ask.com,Platinum
28290,Arlee Skillern,askillern6i@columbia.edu,Gold
17124,Shelby Moulton,smoulton6j@admin.ch,Gold
2124,Reeta Housen,rhousen6k@zimbio.com,Bronze
12445,Brenden Caunter,bcaunter6l@google.fr,Gold
37531,Stefanie Porrett,sporrett6m@mac.com,Gold
12639,Grace Lentsch,glentsch6n@canalblog.com,None
11208,Torrence Garfitt,tgarfitt6o@gmpg.org,Silver
37822,Jennifer Smith,jsmith6p@nhs.uk,Platinum
38672,Giffy Westhofer,gwesthofer6q@clickbank.net,Silver
25008,Talbert Jakaway,tjakaway6r@vistaprint.com,Silver
11180,Bron Arboine,barboine6s@samsung.com,None
34112,Rahal Carruth,rcarruth6t@opera.com,None
2980,Belva Persey,bpersey6u@fotki.com,Gold
38819,Ree Vidgen,rvidgen6v@ocn.ne.jp,None
32174,Rudolf Baudy,rbaudy6w@nasa.gov,Platinum
17172,Shanta Kesterton,skesterton6x@wordpress.com,Platinum
10221,Shepperd Pascho,spascho6y@kickstarter.com,None
16128,Kathe Shuttleworth,kshuttleworth6z@npr.org,Silver
15317,Barbaraanne Pavie,bpavie70@ovh.net,None
4091,Elyse Rumbold,erumbold71@blogs.com,Gold
32394,Laure Mollatt,lmollatt72@miibeian.gov.cn,Gold
2778,Kort Bursnell,kbursnell73@theatlantic.com,Bronze
7293,Stormi Plewright,splewright74@typepad.com,Bronze
529,Layne Lagadu,llagadu75@hexun.com,Gold
22757,Andy Boutellier,aboutellier76@weibo.com,Gold
1472,Jacques Fakeley,jfakeley77@reddit.com,Gold
38572,Franz Canon,fcanon78@slashdot.org,None
180,Gaynor De Blase,gde79@ca.gov,Bronze
6387,Scarlet Iannuzzi,siannuzzi7a@gnu.org,Bronze
21800,Shandie Lashmore,slashmore7b@newsvine.com,Bronze
1919,Shelagh Ingilson,singilson7c@wix.com,Gold
3319,Max Neilan,mneilan7d@mediafire.com,Bronze
24046,Carmine Hylden,chylden7e@auda.org.au,Bronze
14131,Keelia Danick,kdanick7f@discuz.net,Gold
10242,Alaster Simmen,asimmen7g@delicious.com,Bronze
3601,Prue Matyatin,pmatyatin7h@zimbio.com,Bronze
18021,Aarika Calvie,acalvie7i@dailymotion.com,Bronze
37443,Normand Stidworthy,nstidworthy7j@washington.edu,None
29333,Ethan Jarmaine,ejarmaine7k@google.co.uk,Bronze
18940,Johnny Mattia,jmattia7l@imageshack.us,Silver
19325,Eilis McArdle,emcardle7m@google.pl,Silver
34165,Heloise Cecere,hcecere7n@stanford.edu,Silver
14190,Paxton Duffell,pduffell7o@geocities.com,Silver
17598,Wyatt Donati,wdonati7p@bbc.co.uk,Bronze
36133,Zondra Duffill,zduffill7q@4shared.com,Platinum
3682,Tiffanie Girsch,tgirsch7r@dion.ne.jp,Silver
25038,Bidget Ioan,bioan7s@dailymail.co.uk,Silver
28091,Sloane Morriss,smorriss7t@newyorker.com,Gold
4845,Jennifer Husselbee,jhusselbee7u@washingtonpost.com,Silver
860,Cirillo Harcombe,charcombe7v@dmoz.org,Platinum
26202,Mira Itzakovitz,mitzakovitz7w@vkontakte.ru,None
360,Josh Byars,jbyars7x@devhub.com,Platinum
6789,Andrew Sefton,asefton7y@rambler.ru,None
25686,Bell Purrington,bpurrington7z@google.es,Gold
1441,Lynnelle Levinge,llevinge80@blogger.com,Platinum
32682,Ham Cordeiro,hcordeiro81@ucoz.com,Gold
13551,Gretna Coopland,gcoopland82@instagram.com,None
13521,Katina Cartmail,kcartmail83@google.es,Platinum
36722,Lief Dyball,ldyball84@seattletimes.com,None
19571,Humfried Gooley,hgooley85@livejournal.com,Gold
32558,Corey Norcliff,cnorcliff86@indiatimes.com,None
9142,Gale Tarplee,gtarplee87@dmoz.org,Platinum
11631,Mersey Blodgetts,mblodgetts88@gmpg.org,Platinum
35595,Nonna MacSporran,nmacsporran89@w3.org,Gold
38677,Tiebold Pedycan,tpedycan8a@uol.com.br,None
7186,Trenton Yaknov,tyaknov8b@vk.com,Platinum
3349,Arlee Litt,alitt8c@soundcloud.com,Platinum
3468,Lorry Jaynes,ljaynes8d@usda.gov,Platinum
32935,Stafford Heskin,sheskin8e@reddit.com,Bronze
3491,Donny Vennard,dvennard8f@tiny.cc,None
30074,Ruy Gonnelly,rgonnelly8g@devhub.com,Bronze
854,Cameron Chrystal,cchrystal8h@deliciousdays.com,Silver
32497,Fons Trevillion,ftrevillion8i@aol.com,Platinum
6717,Chance Mansford,cmansford8j@jugem.jp,Bronze
38763,Freddi Readhead,freadhead8k@homestead.com,Silver
22590,Shalna Pichmann,spichmann8l@hc360.com,Gold
13910,Shirline Flaxman,sflaxman8m@nationalgeographic.com,Platinum
6835,Marcille Newstead,mnewstead8n@networksolutions.com,Bronze
3620,Karlotta Shallcroff,kshallcroff8o@springer.com,Bronze
39734,Benito Huson,bhuson8p@arstechnica.com,None
3512,Ewen Figge,efigge8q@seattletimes.com,Platinum
248,Josiah Laffin,jlaffin8r@marriott.com,None
38312,Bessy Dawltrey,bdawltrey8s@blogspot.com,Platinum
34693,Donica Carne,dcarne8t@issuu.com,Bronze
34589,Conn Lawerence,clawerence8u@wordpress.com,None
28529,Esmaria Kneal,ekneal8v@cam.ac.uk,Platinum
7542,Carrissa Margery,cmargery8w@msu.edu,Platinum
21310,Alford Guerry,aguerry8x@devhub.com,None
3311,Ali Ferrarello,aferrarello8y@sun.com,Gold
7374,Neron Thow,nthow8z@businessinsider.com,Gold
3373,Elwin Sancho,esancho90@fastcompany.com,Silver
6237,Hyacintha Wicklin,hwicklin91@eventbrite.com,Gold
39494,Koressa Hilhouse,khilhouse92@about.com,Platinum
5245,Beau Roffey,broffey93@hud.gov,Silver
27650,Graig MacKnocker,gmacknocker94@i2i.jp,Silver
12995,Carey Larn,clarn95@microsoft.com,Platinum
20924,Sebastiano Gunton,sgunton96@pagesperso-orange.fr,Gold
4014,Raeann McGeouch,rmcgeouch97@artisteer.com,Platinum
418,Corri Pavelin,cpavelin98@springer.com,None
16657,Mirna Goose,mgoose99@hud.gov,None
1836,Hadria Gaskell,hgaskell9a@goodreads.com,Platinum
31205,Margeaux Harkins,mharkins9b@prlog.org,Platinum
9628,Rich Ashman,rashman9c@house.gov,Platinum
32254,Rene Korba,rkorba9d@who.int,None
933,Hobie Ballchin,hballchin9e@msu.edu,None
1215,Sorcha Blore,sblore9f@ning.com,Gold
11346,Rivi Kieran,rkieran9g@telegraph.co.uk,Platinum
2677,Agnesse McKnockiter,amcknockiter9h@dailymotion.com,Silver
23259,Kora Aleksandrev,kaleksandrev9i@skype.com,Gold
7151,Hersch Aleavy,haleavy9j@bing.com,Silver
3363,Zahara Southway,zsouthway9k@howstuffworks.com,Gold
28009,Brenda Galego,bgalego9l@bandcamp.com,Gold
20507,Birgitta Gammet,bgammet9m@sciencedirect.com,Silver
18455,Jamie Attle,jattle9n@prweb.com,Bronze
28891,Zena Wedlake,zwedlake9o@shutterfly.com,Silver
3058,Jesselyn Fuge,jfuge9p@cbc.ca,Platinum
38913,Erhart Antat,eantat9q@skype.com,Silver
14725,Pamela Tydd,ptydd9r@webs.com,None
22475,Daniele Ambrogio,dambrogio9s@fotki.com,Platinum
38774,Randall Tousey,rtousey9t@a8.net,Silver
8194,Sidnee Fordyce,sfordyce9u@furl.net,Bronze
5371,Bourke Hubery,bhubery9v@acquirethisname.com,Platinum
7031,Kristel Primrose,kprimrose9w@twitpic.com,Silver
35516,Guillermo Hasker,ghasker9x@adobe.com,Platinum
33766,Corrie Longworthy,clongworthy9y@github.com,Bronze
23308,Marlene Coupman,mcoupman9z@arstechnica.com,Silver
29693,Lucias Willers,lwillersa0@g.co,Bronze
22206,Ray Jenken,rjenkena1@java.com,Silver
18184,Bernardo Grills,bgrillsa2@wordpress.com,Bronze
26069,Alyda McGerraghty,amcgerraghtya3@1und1.de,Platinum
28726,Sonja Clere,sclerea4@tripadvisor.com,Platinum
29935,Wilmette Beert,wbeerta5@va.gov,None
21892,Foss Klimov,fklimova6@nifty.com,None
19684,Betsey Abbatini,babbatinia7@tiny.cc,Bronze
25558,Kitty Salvidge,ksalvidgea8@hibu.com,Bronze
22010,Phedra Anneslie,pannesliea9@flickr.com,Silver
36456,Salaidh Stemson,sstemsonaa@google.com.hk,Silver
39980,Chuck Trattles,ctrattlesab@blinklist.com,Gold
1023,Marius Wooffitt,mwooffittac@admin.ch,Platinum
39169,Osbert Dencs,odencsad@omniture.com,Platinum
32394,Chalmers Brickham,cbrickhamae@abc.net.au,Bronze
494,Patsy Presland,ppreslandaf@dyndns.org,Silver
7862,Reinold Orton,rortonag@addthis.com,Bronze
2943,Deborah Raeside,draesideah@go.com,Platinum
10431,Terese Hovington,thovingtonai@desdev.cn,Gold
17252,Crissie Ibbett,cibbettaj@archive.org,Bronze
31301,Nehemiah Danzey,ndanzeyak@blinklist.com,Silver
18006,Emelen McCluney,emccluneyal@wufoo.com,Platinum
3341,Frederique Mithan,fmithanam@hugedomains.com,Bronze
20387,Filberto McLeoid,fmcleoidan@aboutads.info,None
6114,Glenine Linnell,glinnellao@merriam-webster.com,Gold
8336,Skippie Winfred,swinfredap@nbcnews.com,Bronze
6743,Garrard O'Hagerty,gohagertyaq@icio.us,Platinum
21051,Corney Arderne,cardernear@tinypic.com,None
26629,Wallis Strangeways,wstrangewaysas@amazon.de,Gold
27317,Rafi Bilston,rbilstonat@virginia.edu,Platinum
31700,Ardelia Palffrey,apalffreyau@addthis.com,None
38288,Isa Gentreau,igentreauav@webeden.co.uk,None
36980,Gertrude Murden,gmurdenaw@examiner.com,None
29567,Norbie Ivie,nivieax@youku.com,Gold
28908,Rip Sandom,rsandomay@freewebs.com,Bronze
33123,Jocelyn Collop,jcollopaz@stumbleupon.com,Silver
26351,Melony Tenaunt,mtenauntb0@toplist.cz,Bronze
39554,Farica MacCroary,fmaccroaryb1@acquirethisname.com,Silver
252,Steffen Clissell,sclissellb2@amazon.com,Silver
37215,Tootsie Wratten,twrattenb3@fema.gov,None
15059,Fran Silvester,fsilvesterb4@amazon.de,Platinum
14519,Eugenius Weldrick,eweldrickb5@reverbnation.com,None
35157,Barton Curphey,bcurpheyb6@nature.com,Silver
22359,Zechariah Longman,zlongmanb7@arizona.edu,Platinum
1311,Mercy Ashfield,mashfieldb8@scientificamerican.com,Gold
5422,Kaleb Bramall,kbramallb9@123-reg.co.uk,Platinum
35784,Aidan Lorenzo,alorenzoba@cocolog-nifty.com,Silver
11405,Jasper Bredgeland,jbredgelandbb@a8.net,Bronze
25203,Borg Noads,bnoadsbc@github.io,Platinum
28873,Mel Hazlehurst,mhazlehurstbd@nyu.edu,Gold
39284,Jarret Collings,jcollingsbe@geocities.com,Silver
6553,Maren Juliano,mjulianobf@spotify.com,Bronze
8349,Marybeth Slayton,mslaytonbg@hc360.com,Gold
28066,Doris Fend,dfendbh@foxnews.com,Platinum
10508,Hildegaard Aikin,haikinbi@artisteer.com,Silver
27240,Frasquito Vanni,fvannibj@globo.com,Gold
28386,Marla Laybourne,mlaybournebk@unicef.org,Gold
22585,Janie Kliment,jklimentbl@rediff.com,None
26944,Deane Kruschev,dkruschevbm@ovh.net,Bronze
19068,Rafaelita Clapp,rclappbn@barnesandnoble.com,None
25599,Clair Dugue,cduguebo@mayoclinic.com,Bronze
13562,Simmonds Coombs,scoombsbp@epa.gov,Platinum
7611,Butch Verden,bverdenbq@devhub.com,Gold
13177,Charla Chastenet,cchastenetbr@mysql.com,Gold
23637,Alessandra Sivyour,asivyourbs@homestead.com,Bronze
13434,Donnajean Lefeaver,dlefeaverbt@prlog.org,Platinum
3302,Peyter Beals,pbealsbu@virginia.edu,Silver
1309,Cedric Sciacovelli,csciacovellibv@harvard.edu,Platinum
15681,Charity O'Murtagh,comurtaghbw@ow.ly,Platinum
14271,Nicole Mattersley,nmattersleybx@live.com,None
23842,Galvan Stenton,gstentonby@jugem.jp,Bronze
3504,Tabbitha Beckley,tbeckleybz@mtv.com,None
14367,Karim Jocic,kjocicc0@tripadvisor.com,Platinum
38472,Stephannie Johnigan,sjohniganc1@jigsy.com,None
37635,Gasparo Balden,gbaldenc2@mac.com,Gold
23762,Isador Clappson,iclappsonc3@icq.com,Platinum
31921,Verine Guerrin,vguerrinc4@free.fr,None
24104,Mordy Leakner,mleaknerc5@oracle.com,None
22662,Silvain Deeney,sdeeneyc6@elegantthemes.com,Bronze
11802,Loren Drynan,ldrynanc7@deviantart.com,Platinum
19228,Butch Ingilson,bingilsonc8@rambler.ru,None
16319,Orin Bannard,obannardc9@quantcast.com,Bronze
39436,Hanni Quarles,hquarlesca@nps.gov,Gold
9254,Morganica Confort,mconfortcb@nasa.gov,Platinum
36841,Jordan Gwioneth,jgwionethcc@weather.com,Gold
25274,Garreth Baytrop,gbaytropcd@ox.ac.uk,Bronze
9148,Garry Kighly,gkighlyce@desdev.cn,Gold
22762,Hercule Cogar,hcogarcf@gnu.org,Silver
2574,Alis Bernardet,abernardetcg@reuters.com,Gold
5453,Danika Jzhakov,djzhakovch@behance.net,Gold
744,Hebert Brunicke,hbrunickeci@harvard.edu,Platinum
26674,Ashil Deniskevich,adeniskevichcj@omniture.com,Bronze
13132,Kaila Etchell,ketchellck@barnesandnoble.com,Silver
34751,Agathe Le Fevre,alecl@eventbrite.com,Platinum
19461,Hersch Dundridge,hdundridgecm@boston.com,Bronze
23380,Prudy Windus,pwinduscn@surveymonkey.com,None
1151,Isabeau Willden,iwilldenco@webnode.com,Bronze
716,Broderic Hassard,bhassardcp@sina.com.cn,Gold
19889,Olly Skowcraft,oskowcraftcq@g.co,None
8123,Alvin Surridge,asurridgecr@japanpost.jp,Silver
18859,Korie Ilyasov,kilyasovcs@yolasite.com,Bronze
10520,Fianna Kenney,fkenneyct@domainmarket.com,None
22481,Bryna Yakubov,byakubovcu@icq.com,Gold
36683,Davie Chilvers,dchilverscv@ucoz.com,Silver
30700,Vasili Coast,vcoastcw@whitehouse.gov,Bronze
39360,Maye Bisco,mbiscocx@princeton.edu,Gold
31654,Isidor Bossons,ibossonscy@cocolog-nifty.com,Platinum
10511,Obadias Slemmonds,oslemmondscz@ihg.com,None
3983,Ezmeralda Cope,ecoped0@house.gov,Bronze
17703,Madelin Crowley,mcrowleyd1@seesaa.net,Gold
4220,Jessie De Benedetti,jded2@oaic.gov.au,Gold
6878,Elysee Purcell,epurcelld3@purevolume.com,Bronze
35946,Laurel Vanyutin,lvanyutind4@soup.io,Gold
27743,Kenyon Geake,kgeaked5@youtube.com,None
22098,Kacey Graves,kgravesd6@uiuc.edu,Silver
2818,Lynett Methuen,lmethuend7@globo.com,Platinum
20828,Rosabella Caraher,rcaraherd8@hud.gov,Gold
28148,Anastassia Loughlan,aloughland9@addtoany.com,Silver
17997,Che Reisen,creisenda@prweb.com,Gold
39107,Filippo Liddyard,fliddyarddb@wix.com,None
10992,Marielle Becken,mbeckendc@archive.org,Gold
39772,Coretta Molan,cmolandd@ucoz.com,Gold
22827,Mathian McIlriach,mmcilriachde@usda.gov,None
31874,Goldie Pyburn,gpyburndf@theglobeandmail.com,Gold
18627,Minette Mowson,mmowsondg@tiny.cc,Gold
24902,Judd Adney,jadneydh@cbsnews.com,None
20308,Terza Ridwood,tridwooddi@jigsy.com,Platinum
14783,Read Todarini,rtodarinidj@163.com,Silver
2294,Cris Corke,ccorkedk@livejournal.com,Platinum
38711,Bryanty Innett,binnettdl@sogou.com,None
10283,Kipper Rushmer,krushmerdm@chronoengine.com,Bronze
6993,Henrik Poulglais,hpoulglaisdn@wix.com,Gold
23722,Sutherland Seth,ssethdo@ow.ly,Silver
21976,Samantha McComb,smccombdp@bigcartel.com,Silver
21225,Forrest Gounet,fgounetdq@t.co,Gold
17809,Leah Perview,lperviewdr@diigo.com,Silver
1823,Roseline Nimmo,rnimmods@sitemeter.com,Silver
35766,Audry Zavattieri,azavattieridt@issuu.com,Platinum
18000,Bowie Cummungs,bcummungsdu@simplemachines.org,Silver
12453,Curr Pope,cpopedv@buzzfeed.com,Bronze
34542,Selle Pim,spimdw@squidoo.com,Silver
2107,Belicia Hastie,bhastiedx@harvard.edu,Platinum
29934,Jermain Brougham,jbroughamdy@linkedin.com,Silver
29911,Linell Nunnery,lnunnerydz@imgur.com,Platinum
933,Ileana Sommerland,isommerlande0@miitbeian.gov.cn,None
28763,Elvis Haysey,ehayseye1@vistaprint.com,Silver
9287,Abbye Di Pietro,adie2@npr.org,Gold
23375,Izzy Chalcot,ichalcote3@harvard.edu,Silver
28935,Ramonda Baxstare,rbaxstaree4@google.com.br,None
38218,Rae Spatari,rspatarie5@hugedomains.com,None
10911,Warren Matson,wmatsone6@virginia.edu,Bronze
5677,Nancey Hightown,nhightowne7@wikimedia.org,None
10726,Ashlee Poulett,apoulette8@usnews.com,Bronze
35096,Anthony Chant,achante9@accuweather.com,Gold
37787,Gleda Kumar,gkumarea@istockphoto.com,Platinum
29636,Ulrich Duchesne,uduchesneeb@edublogs.org,Bronze
27489,Judon Kippie,jkippieec@de.vu,Platinum
1535,Domingo Tosspell,dtosspelled@list-manage.com,None
17745,Benoit Salerg,bsalergee@ning.com,Platinum
34698,Blake Barks,bbarksef@ebay.com,Platinum
30888,Urson Vermer,uvermereg@feedburner.com,Gold
34008,Pepito Dunmore,pdunmoreeh@bandcamp.com,Gold
34649,Helen-elizabeth Strute,hstruteei@stumbleupon.com,Bronze
12098,Klemens Leopard,kleopardej@tamu.edu,Silver
6862,Brod Guilford,bguilfordek@ustream.tv,Gold
28668,Demetrius Ibell,dibellel@nationalgeographic.com,Bronze
17078,Hermine Godbold,hgodboldem@yahoo.co.jp,Bronze
19527,Jameson Kondratovich,jkondratovichen@mozilla.com,Silver
10610,Benji Petras,bpetraseo@mapy.cz,Platinum
4249,Julius Midford,jmidfordep@webnode.com,Platinum
19607,Madeleine Canto,mcantoeq@gnu.org,None
7491,Orel Thynn,othynner@walmart.com,None
29865,Jessy Reedman,jreedmanes@yandex.ru,None
4239,Rab Featherstone,rfeatherstoneet@netlog.com,Platinum
28250,Wilburt Dumphy,wdumphyeu@uol.com.br,Silver
25953,Kassie Snoden,ksnodenev@archive.org,None
2592,Gabrielle Winsor,gwinsorew@devhub.com,Silver
27842,Glynnis Blanc,gblancex@amazon.de,Bronze
9278,Richmound Cunliffe,rcunliffeey@europa.eu,Silver
3995,Valentijn Danielsson,vdanielssonez@webmd.com,Gold
33542,Eb Abrahams,eabrahamsf0@phpbb.com,Gold
4686,Rolando Raymen,rraymenf1@phoca.cz,None
38532,Gregg Bromehead,gbromeheadf2@twitpic.com,None
23456,Margareta Auckland,maucklandf3@vinaora.com,Platinum
31599,Lisabeth Dumingos,ldumingosf4@eepurl.com,None
33349,Layla Jaslem,ljaslemf5@ustream.tv,Platinum
29050,Bear Davinet,bdavinetf6@who.int,Platinum
25035,Gustav Pacht,gpachtf7@cnet.com,Silver
18980,Clem Giovannazzi,cgiovannazzif8@mac.com,Bronze
13317,Ruggiero Cattonnet,rcattonnetf9@bizjournals.com,None
2821,Esmeralda Mateos,emateosfa@arizona.edu,None
3960,Kathie Maffin,kmaffinfb@amazonaws.com,Bronze
333,Quincy Husk,qhuskfc@hp.com,Bronze
9274,Shelly Kohrs,skohrsfd@sun.com,Silver
11430,Annaliese Bladon,abladonfe@smugmug.com,Bronze
13346,Dare Deeson,ddeesonff@ovh.net,Silver
29172,Letty Pancoast,lpancoastfg@amazon.com,Bronze
12449,Will Barnard,wbarnardfh@gizmodo.com,Silver
1763,Franklyn Canlin,fcanlinfi@sbwire.com,Bronze
2650,Humberto Dumberell,hdumberellfj@sfgate.com,None
8930,Heywood Mackleden,hmackledenfk@wunderground.com,None
26997,Florian Baynon,fbaynonfl@wufoo.com,Bronze
23550,Leeanne Sydall,lsydallfm@theguardian.com,Platinum
33125,Vite McGilvra,vmcgilvrafn@t.co,None
23902,Hobey Kasparski,hkasparskifo@goo.gl,None
35496,Christiane Roulston,croulstonfp@hubpages.com,Silver
14084,Hulda Dauber,hdauberfq@chron.com,None
7969,Anallese Duiguid,aduiguidfr@ed.gov,Gold
10480,Ringo Amberger,rambergerfs@technorati.com,None
19682,Cally Bibby,cbibbyft@mac.com,Gold
13188,Demetris Haddon,dhaddonfu@state.gov,Silver
11439,Ansley Amburgy,aamburgyfv@unblog.fr,Platinum
26019,Loreen Sellars,lsellarsfw@columbia.edu,Platinum
2321,Saidee LLelweln,sllelwelnfx@symantec.com,None
8726,Karlan Tarrant,ktarrantfy@bigcartel.com,Gold
6461,Remington Hrinchenko,rhrinchenkofz@engadget.com,Bronze
14355,Linda Relfe,lrelfeg0@webmd.com,Bronze
35776,Allys Wilcocke,awilcockeg1@nyu.edu,Gold
36562,Aline Quincee,aquinceeg2@elegantthemes.com,None
39027,Elicia Hill,ehillg3@who.int,Silver
24207,Huey Gilhooly,hgilhoolyg4@ovh.net,Bronze
15394,Lita Ewers,lewersg5@discovery.com,Silver
24440,Marvin Speak,mspeakg6@cdbaby.com,Silver
11690,Sansone Feary,sfearyg7@gravatar.com,None
18698,Melitta Templman,mtemplmang8@hexun.com,Gold
22535,Curr Crace,ccraceg9@skyrock.com,Platinum
12843,Lesli Blaine,lblainega@umn.edu,Silver
36734,Catharina Suttill,csuttillgb@google.com,Bronze
6146,Charlotta Desport,cdesportgc@alibaba.com,Silver
36336,Shirleen Cappel,scappelgd@slideshare.net,Platinum
17283,Rodi Elphick,relphickge@vimeo.com,Silver
38699,Candida Binham,cbinhamgf@columbia.edu,Silver
17623,Rodolph Tetla,rtetlagg@cargocollective.com,Silver
37585,Derrek Brightie,dbrightiegh@cbslocal.com,Bronze
25824,Charles Dusey,cduseygi@flickr.com,Gold
13052,Teodor Bilbrey,tbilbreygj@yelp.com,Bronze
19520,Lulu O' Hanvey,logk@slideshare.net,Silver
8868,Grace Thoms,gthomsgl@webs.com,Platinum
11252,Helenka Greatland,hgreatlandgm@storify.com,Silver
11583,Stella Seabrooke,sseabrookegn@sourceforge.net,Gold
36837,Nadean Turpin,nturpingo@bigcartel.com,Silver
11009,Tessie McRinn,tmcrinngp@state.gov,Platinum
2920,Janeva Morrilly,jmorrillygq@gravatar.com,None
29461,Noll Buckett,nbuckettgr@wunderground.com,None
36576,Theadora Fetterplace,tfetterplacegs@xinhuanet.com,None
3312,Cati Jaggar,cjaggargt@mayoclinic.com,Platinum
27037,Ken Howett,khowettgu@yelp.com,Silver
29950,Daphne Sneaker,dsneakergv@europa.eu,Platinum
14281,Noelani Cosgriff,ncosgriffgw@networkadvertising.org,None
11296,Boris Jovovic,bjovovicgx@skyrock.com,Platinum
28124,Loren Gout,lgoutgy@creativecommons.org,Bronze
34182,Sigismund Baniard,sbaniardgz@deliciousdays.com,Platinum
18699,Jeno Trowler,jtrowlerh0@vistaprint.com,None
19424,Torrance Aujean,taujeanh1@loc.gov,Bronze
26419,Nadia Bursnell,nbursnellh2@go.com,Silver
2855,Goddard Fairbourne,gfairbourneh3@timesonline.co.uk,Bronze
34460,Maryjo Lound,mloundh4@fema.gov,Platinum
3333,Giorgi Haccleton,ghaccletonh5@pen.io,Bronze
34669,Merwin Bedinham,mbedinhamh6@ebay.co.uk,None
22311,Ambrosi Knights,aknightsh7@i2i.jp,Gold
21420,Fancy Bodesson,fbodessonh8@washington.edu,Gold
16854,Davida Gosling,dgoslingh9@woothemes.com,Bronze
4448,Ayn Fausset,afaussetha@jigsy.com,Silver
28925,Melisenda Hugle,mhuglehb@goo.gl,Gold
36486,Emmi Cowsby,ecowsbyhc@si.edu,Silver
3460,Solly Malter,smalterhd@wordpress.com,Silver
38322,Theodosia Burnhill,tburnhillhe@weibo.com,None
39438,Gregor Froud,gfroudhf@goodreads.com,Silver
17891,Malachi Dyzart,mdyzarthg@ebay.co.uk,None
2558,Kyle Zelner,kzelnerhh@japanpost.jp,Gold
21892,Roxanna Litton,rlittonhi@whitehouse.gov,Silver
37440,Brigitta Djordjevic,bdjordjevichj@stanford.edu,None
39666,Theodoric Hardware,thardwarehk@yale.edu,Platinum
20520,Mehetabel Colgrave,mcolgravehl@twitter.com,Bronze
32702,Sabine Bartlosz,sbartloszhm@yellowpages.com,None
22040,Mendy Padrick,mpadrickhn@imdb.com,Bronze
5816,Theodosia Stelljes,tstelljesho@narod.ru,Silver
23029,Leland Cogar,lcogarhp@harvard.edu,None
294,Cathrine Scammonden,cscammondenhq@instagram.com,None
31168,Meggi Kliment,mklimenthr@jugem.jp,Bronze
22052,Giacomo Gummery,ggummeryhs@usda.gov,Gold
2209,Amity Blaxall,ablaxallht@yelp.com,Bronze
20277,Hedvig Stoute,hstoutehu@dagondesign.com,None
16437,Even Westhead,ewestheadhv@china.com.cn,Platinum
7703,Eydie Laughlan,elaughlanhw@blogspot.com,None
23116,Beau McNaught,bmcnaughthx@cdbaby.com,Gold
31837,Leona Helm,lhelmhy@cnbc.com,None
36627,Jermaine Tyrrell,jtyrrellhz@vistaprint.com,Silver
31484,Alanna Gauden,agaudeni0@europa.eu,Gold
7223,Berta Grisley,bgrisleyi1@patch.com,Gold
26498,Leonidas Labrom,llabromi2@reddit.com,Platinum
10214,Corabel Dahmel,cdahmeli3@merriam-webster.com,Gold
14777,Chauncey Goullee,cgoulleei4@oakley.com,None
22027,Kitti McVanamy,kmcvanamyi5@icio.us,Silver
37681,Ewart Jerger,ejergeri6@loc.gov,Platinum
13397,Gare Bromehed,gbromehedi7@sciencedaily.com,Platinum
5784,Meggy Veryan,mveryani8@narod.ru,Silver
4244,Kristine Hastin,khastini9@google.com.br,Bronze
4826,Fabe Breyt,fbreytia@ucoz.com,Gold
25725,Almeria Raden,aradenib@google.es,Silver
26676,Jaine Djakovic,jdjakovicic@goodreads.com,Bronze
23933,Sky Hacun,shacunid@java.com,Bronze
35217,Rich Arnaudin,rarnaudinie@wikimedia.org,Gold
17730,Dorella Lucus,dlucusif@china.com.cn,Gold
8807,Carny Boules,cboulesig@chicagotribune.com,Platinum
39808,Grenville Frances,gfrancesih@angelfire.com,Bronze
19866,Bank Gartan,bgartanii@abc.net.au,Gold
20025,Arlette Piner,apinerij@pen.io,None
28896,Penelopa Tregust,ptregustik@nbcnews.com,Bronze
19644,Bernardo Baude,bbaudeil@netscape.com,Bronze
20838,Rowena Melburg,rmelburgim@com.com,Bronze
28269,Glori Chason,gchasonin@reverbnation.com,Silver
34901,Euell Londors,elondorsio@hp.com,Gold
39651,Shaine Manach,smanachip@adobe.com,Bronze
29295,Dare Finessy,dfinessyiq@flavors.me,Platinum
11604,Casey Yates,cyatesir@dailymotion.com,Gold
11997,Missie MacKinnon,mmackinnonis@umich.edu,Bronze
10512,Ibrahim Marzelli,imarzelliit@nih.gov,Bronze
33325,Hope Littledike,hlittledikeiu@phpbb.com,Silver
12344,Burty Puttan,bputtaniv@wunderground.com,Platinum
13626,Agnese Yo,ayoiw@fda.gov,Silver
21418,Shaina Leband,slebandix@ning.com,Bronze
7852,Everard Landy,elandyiy@symantec.com,None
27685,Reed Brundrett,rbrundrettiz@php.net,Gold
10107,Patsy Curee,pcureej0@ask.com,Silver
9765,Ermina Warnes,ewarnesj1@list-manage.com,Platinum
21126,Odelle Bercher,obercherj2@discovery.com,Silver
32623,Josepha Dimbylow,jdimbylowj3@hc360.com,Platinum
38453,Magdalen Sheraton,msheratonj4@php.net,Bronze
26990,Kylila Raubenheim,kraubenheimj5@cam.ac.uk,Gold
14542,Dulcinea Boissier,dboissierj6@soup.io,Silver
18441,Bondon Le Gassick,blej7@dot.gov,None
23190,Livvyy Weed,lweedj8@sun.com,None
6930,Timothy Barfoot,tbarfootj9@newsvine.com,Bronze
20681,Almira McCullock,amccullockja@opera.com,Bronze
39268,Mariette Panniers,mpanniersjb@wiley.com,Bronze
35618,Mela Garric,mgarricjc@hibu.com,Bronze
4786,Katuscha Formigli,kformiglijd@blogtalkradio.com,Gold
17860,Poul Kelley,pkelleyje@alexa.com,Bronze
38416,Debbi Birkmyr,dbirkmyrjf@dagondesign.com,Bronze
26724,Mariellen Harnwell,mharnwelljg@blinklist.com,Silver
23948,Deb Gilligan,dgilliganjh@tripadvisor.com,None
24568,Lauretta Greet,lgreetji@chron.com,Silver
34917,Lisbeth Janik,ljanikjj@hud.gov,Gold
36821,Temp Hastwall,thastwalljk@ihg.com,None
31729,Corilla Fenna,cfennajl@hud.gov,Bronze
31224,Ellery Hamnett,ehamnettjm@list-manage.com,Platinum
34837,Darcey Squire,dsquirejn@blogger.com,None
17039,Jaclyn Duns,jdunsjo@jiathis.com,None
14454,Petronia Filipyev,pfilipyevjp@icio.us,Bronze
36992,Rafa O'Driscole,rodriscolejq@t.co,Bronze
12238,Timothea Ionnidis,tionnidisjr@msn.com,Bronze
38676,Allianora Deighan,adeighanjs@qq.com,Platinum
28285,Gabie Probert,gprobertjt@phoca.cz,Platinum
23350,Tiphany Cartmel,tcartmelju@miitbeian.gov.cn,None
30980,Leonard Benterman,lbentermanjv@sbwire.com,Silver
25829,Arlinda Tamburo,atamburojw@homestead.com,Bronze
3022,Ivette Fetherston,ifetherstonjx@walmart.com,Platinum
37649,Serene Cuschieri,scuschierijy@patch.com,Platinum
11321,Shellysheldon Kohler,skohlerjz@independent.co.uk,Platinum
28561,Tibold Bamsey,tbamseyk0@techcrunch.com,Bronze
7420,Marco Flea,mfleak1@surveymonkey.com,Bronze
24117,Barrie Southard,bsouthardk2@foxnews.com,Bronze
16939,Theo Peattie,tpeattiek3@examiner.com,Gold
22407,Jeannette Ennor,jennork4@photobucket.com,Gold
781,Cole Cutler,ccutlerk5@opera.com,Silver
16795,Athena Tonbridge,atonbridgek6@wordpress.org,Silver
37336,Odelinda Elsay,oelsayk7@sciencedirect.com,Bronze
12706,Jenilee Sattin,jsattink8@wiley.com,Silver
9182,Koressa Radleigh,kradleighk9@ted.com,Silver
536,Mitch Gilcrist,mgilcristka@symantec.com,Gold
14797,Perla Inge,pingekb@seesaa.net,Gold
27347,Dulsea Lillegard,dlillegardkc@clickbank.net,Silver
28195,Gussie Powell,gpowellkd@economist.com,Silver
36180,Normand Naden,nnadenke@technorati.com,Bronze
20653,Halsy Northbridge,hnorthbridgekf@google.pl,Bronze
25697,May Rackam,mrackamkg@nhs.uk,Gold
23265,Elene Saffe,esaffekh@amazon.com,Silver
878,Gerik Ferrarello,gferrarelloki@pcworld.com,None
24647,Dilly Wilder,dwilderkj@disqus.com,Gold
12558,Myrilla Bailes,mbaileskk@si.edu,Bronze
33782,Miguela Seares,mseareskl@nasa.gov,Silver
32392,Raymund McInulty,rmcinultykm@nature.com,Gold
2933,Robinette Tuckey,rtuckeykn@nsw.gov.au,Gold
13717,Ker Ivashkin,kivashkinko@fotki.com,Silver
19023,Adolphe Trudgion,atrudgionkp@wisc.edu,Silver
6195,Lizbeth Truscott,ltruscottkq@youtu.be,Bronze
12918,Saraann Ashleigh,sashleighkr@indiatimes.com,Bronze
20103,Consuelo Brazelton,cbrazeltonks@moonfruit.com,Bronze
29871,Fiorenze Drewe,fdrewekt@fema.gov,None
11977,Monty Deetlof,mdeetlofku@youtu.be,Gold
10622,Darb Wait,dwaitkv@edublogs.org,Bronze
4633,Barbara-anne Presley,bpresleykw@dailymail.co.uk,None
1621,Rosina Arnould,rarnouldkx@vkontakte.ru,Silver
14120,Lorri Lunn,llunnky@mit.edu,Silver
16280,Bealle Renals,brenalskz@adobe.com,Platinum
9824,Kameko Doel,kdoell0@constantcontact.com,Platinum
3332,Rozalin Saveall,rsavealll1@china.com.cn,Gold
7175,Margret Dunkinson,mdunkinsonl2@webmd.com,Gold
25530,Dewey Benedetti,dbenedettil3@youku.com,Bronze
686,Andris Stigell,astigelll4@myspace.com,Platinum
33686,Melvyn Pate,mpatel5@cnbc.com,None
4235,Corena Gulley,cgulleyl6@creativecommons.org,Gold
11738,Noam Rought,nroughtl7@bigcartel.com,Platinum
9725,Deborah Scutter,dscutterl8@washingtonpost.com,Gold
32372,Kirstin Coolbear,kcoolbearl9@cocolog-nifty.com,Silver
31079,Noelyn Mordanti,nmordantila@theguardian.com,Bronze
2956,Farris Stangroom,fstangroomlb@smh.com.au,Bronze
18360,Teriann Goble,tgoblelc@samsung.com,Bronze
37043,Jessey Cornbill,jcornbillld@sfgate.com,None
6574,Rica Lapham,rlaphamle@delicious.com,Silver
16755,Selene Fynan,sfynanlf@apache.org,Bronze
34062,Evelyn Backwell,ebackwelllg@privacy.gov.au,Platinum
22986,Lana Armatys,larmatyslh@webnode.com,None
6796,Melloney Sonley,msonleyli@ow.ly,Platinum
24964,Valry Aykroyd,vaykroydlj@buzzfeed.com,Bronze
11249,Rex Drewitt,rdrewittlk@ameblo.jp,Bronze
14212,Rosalie Brimm,rbrimmll@ow.ly,Bronze
24551,Jody Dutchburn,jdutchburnlm@trellian.com,Bronze
3141,Zsazsa Feria,zferialn@acquirethisname.com,Platinum
9576,Doug Gallyon,dgallyonlo@forbes.com,Silver
34634,Fletcher Geleman,fgelemanlp@addtoany.com,None
4130,Selena Sikora,ssikoralq@printfriendly.com,Silver
17499,Annamarie Simoneschi,asimoneschilr@zdnet.com,Bronze
10456,Myrilla Sanson,msansonls@baidu.com,Bronze
29762,Enos Mogra,emogralt@prweb.com,Silver
27560,Abba Clair,aclairlu@businessweek.com,Gold
32436,Mary Kinder,mkinderlv@nasa.gov,Platinum
9201,Karlie Issacof,kissacoflw@wikimedia.org,Bronze
19429,Tybie Patise,tpatiselx@oaic.gov.au,Gold
17499,Charlena Menilove,cmenilovely@cdc.gov,Bronze
19109,Carine Ambrogiotti,cambrogiottilz@statcounter.com,Gold
9697,Tasha Dinzey,tdinzeym0@hugedomains.com,Silver
32539,Dorothy Philippeaux,dphilippeauxm1@omniture.com,Silver
15941,Orelle Checchi,ochecchim2@free.fr,Platinum
13974,Hobie Meeus,hmeeusm3@google.co.jp,Silver
17617,Camille Filliskirk,cfilliskirkm4@prweb.com,None
32575,Dimitri Woofenden,dwoofendenm5@phpbb.com,None
35069,Sydney Warratt,swarrattm6@newyorker.com,None
32036,Jacques Rablan,jrablanm7@wunderground.com,Silver
13643,Antonie Gaylord,agaylordm8@sphinn.com,None
35753,Blayne Onraet,bonraetm9@istockphoto.com,None
734,Bobby Torpie,btorpiema@cocolog-nifty.com,Gold
32399,Kalindi McPhilemy,kmcphilemymb@woothemes.com,Bronze
35957,Padget Houndsom,phoundsommc@github.com,Platinum
23272,Foster Lowerson,flowersonmd@unblog.fr,None
2856,Munmro Peaden,mpeadenme@ask.com,Platinum
34213,Anthony Rollings,arollingsmf@nifty.com,Platinum
9499,Vladimir Hourican,vhouricanmg@google.nl,None
13371,Darbee Mandrier,dmandriermh@netlog.com,Gold
2384,Ole Goodrick,ogoodrickmi@bbc.co.uk,Silver
31514,Lianne Hartigan,lhartiganmj@slashdot.org,Gold
8880,Base Lamas,blamasmk@jalbum.net,Bronze
15301,Herculie Rampley,hrampleyml@umich.edu,Silver
30479,Kimberlee McCraw,kmccrawmm@liveinternet.ru,Platinum
39258,Thorny Wheeldon,twheeldonmn@usa.gov,Gold
33532,Verene Twell,vtwellmo@comcast.net,Bronze
10956,Franciskus Parkyns,fparkynsmp@de.vu,Platinum
6675,Adah Verbeke,averbekemq@nature.com,Gold
14326,Adaline Erley,aerleymr@seattletimes.com,Gold
35592,Raddie Dudhill,rdudhillms@google.fr,Platinum
23341,Britteny Waddams,bwaddamsmt@addthis.com,Silver
24408,Layne Pitceathly,lpitceathlymu@cargocollective.com,Platinum
4701,Dunn Ybarra,dybarramv@webnode.com,None
14808,Craggie Illingsworth,cillingsworthmw@unc.edu,None
17902,Merna Place,mplacemx@unc.edu,Silver
6529,Ciel Jedraszek,cjedraszekmy@youtube.com,Platinum
10916,Dagny Shobbrook,dshobbrookmz@com.com,Silver
24746,Reuben Ivancevic,rivancevicn0@apple.com,Silver
36925,Berri Joannet,bjoannetn1@msu.edu,Platinum
39838,Rutger Yaxley,ryaxleyn2@linkedin.com,Gold
31639,Shandy Trinke,strinken3@surveymonkey.com,Bronze
35887,Oswald Duerdin,oduerdinn4@google.fr,Platinum
33835,Gaby Ovington,govingtonn5@sitemeter.com,Bronze
4991,Pen Caney,pcaneyn6@ft.com,None
1663,Pris Kleinert,pkleinertn7@blogtalkradio.com,Platinum
14600,Mallory McAsgill,mmcasgilln8@twitter.com,None
9892,Stacia Wawer,swawern9@hexun.com,Gold
24463,Alisander Collcutt,acollcuttna@elpais.com,Platinum
17171,Brigit Bosden,bbosdennb@sourceforge.net,Bronze
23469,Doretta Bowart,dbowartnc@icq.com,Bronze
8651,Libbey McGrory,lmcgrorynd@is.gd,Silver
32440,Maddy Breston,mbrestonne@delicious.com,None
29517,Gun Vasilchikov,gvasilchikovnf@google.com,Silver
27684,Meara Lentsch,mlentschng@earthlink.net,None
29722,Mallory Worge,mworgenh@free.fr,None
7812,Gustie Ecles,geclesni@theatlantic.com,None
17175,Cody Dragon,cdragonnj@webs.com,Platinum
38802,Jedediah Bambrugh,jbambrughnk@fda.gov,None
39885,Wanids Paffett,wpaffettnl@gmpg.org,Silver
16726,My Ecles,meclesnm@indiatimes.com,Bronze
17042,Willabella Karlowicz,wkarlowicznn@dion.ne.jp,Gold
9796,Aridatha Choak,achoakno@wikispaces.com,Gold
12357,Herbie Connochie,hconnochienp@census.gov,Gold
12968,Blinni Bellamy,bbellamynq@nih.gov,None
5136,Fanchon Cox,fcoxnr@nhs.uk,Silver
4884,Amabelle Sebyer,asebyerns@delicious.com,Silver
11047,Durant Tedorenko,dtedorenkont@artisteer.com,Platinum
33801,Joy Giovannacci,jgiovannaccinu@nih.gov,Bronze
18103,Gregor Verden,gverdennv@slashdot.org,Platinum
22619,Gabe Mergue,gmerguenw@blogs.com,Bronze
2537,Lavinia Quincey,lquinceynx@1688.com,Gold
35883,Anatola Manuele,amanueleny@independent.co.uk,Bronze
25510,Pascal Marron,pmarronnz@mozilla.org,Bronze
21592,Cornie Vallens,cvallenso0@google.fr,Bronze
4068,Audy Visco,aviscoo1@businessweek.com,Silver
23065,Olimpia Oxtoby,ooxtobyo2@rakuten.co.jp,Gold
27414,Abbie Floyde,afloydeo3@bravesites.com,None
37189,Sylvia Martijn,smartijno4@kickstarter.com,Platinum
3592,Garv Oxbe,goxbeo5@cisco.com,Gold
22189,Rhiamon Cartledge,rcartledgeo6@sciencedaily.com,Bronze
8148,Jade Grimditch,jgrimditcho7@cbslocal.com,Gold
33247,Vale Gerrels,vgerrelso8@vimeo.com,Platinum
32843,Malchy Clifforth,mcliffortho9@bigcartel.com,Gold
22022,Brandais Maffioni,bmaffionioa@smugmug.com,Bronze
29542,Carlyle Dainton,cdaintonob@eepurl.com,Bronze
2717,Adan Rosten,arostenoc@fda.gov,Bronze
16113,Isa Conradsen,iconradsenod@weebly.com,Silver
31563,Heddie Orrell,horrelloe@booking.com,Platinum
2414,Constance Stoakes,cstoakesof@mapquest.com,None
34065,Andromache Fiddyment,afiddymentog@dropbox.com,Bronze
34874,Mandel Whyler,mwhyleroh@mac.com,Silver
10154,Osborn Knewstub,oknewstuboi@rakuten.co.jp,None
14718,Courtenay Birth,cbirthoj@indiegogo.com,Bronze
2376,Letizia Danbye,ldanbyeok@economist.com,Silver
21321,Elissa Coathup,ecoathupol@redcross.org,Silver
28830,Rubi Siemandl,rsiemandlom@examiner.com,Platinum
5073,Jedediah Alcalde,jalcaldeon@telegraph.co.uk,None
37319,Demetre De Caville,ddeoo@google.es,Silver
21225,Rozele Belsey,rbelseyop@51.la,Silver
426,Junia Friskey,jfriskeyoq@howstuffworks.com,Gold
16378,Remy Bannell,rbannellor@edublogs.org,None
8118,Rance Dykes,rdykesos@springer.com,None
27243,Michaelina Longea,mlongeaot@myspace.com,Platinum
17202,Fielding Rattrie,frattrieou@wikipedia.org,Gold
31650,Wilow Jessep,wjessepov@github.io,Platinum
6068,Boone Simukov,bsimukovow@indiatimes.com,Silver
18172,Alysia Caizley,acaizleyox@google.it,Bronze
36795,Peta Pitcock,ppitcockoy@privacy.gov.au,Silver
5086,Bernette Goatcher,bgoatcheroz@tmall.com,Bronze
16654,Kat Traher,ktraherp0@oakley.com,Platinum
13331,Laurent Synke,lsynkep1@freewebs.com,Platinum
9223,Andrea Chubb,achubbp2@blogtalkradio.com,Platinum
34675,Antonio Sharpin,asharpinp3@blogtalkradio.com,None
8369,Rachelle Rosenhaupt,rrosenhauptp4@taobao.com,Gold
4081,Eddy Palmar,epalmarp5@addthis.com,Gold
18368,Chadd Roussel,crousselp6@ycombinator.com,Platinum
8469,Obidiah Blakeley,oblakeleyp7@tuttocitta.it,Silver
23831,Barbra Rickeard,brickeardp8@marketwatch.com,Silver
26519,Horatius Karlmann,hkarlmannp9@google.it,Platinum
18987,Wright Travis,wtravispa@china.com.cn,Gold
16203,Kristos Follitt,kfollittpb@answers.com,Gold
23658,Thomasine Harler,tharlerpc@discovery.com,None
3445,Fairleigh Jannex,fjannexpd@rakuten.co.jp,Gold
39847,Jenny Puddicombe,jpuddicombepe@simplemachines.org,Platinum
30278,Fawn Raft,fraftpf@cocolog-nifty.com,None
1424,Ronni Fulloway,rfullowaypg@marriott.com,None
5444,Gerda Wann,gwannph@usatoday.com,Silver
35755,Keene Tuppeny,ktuppenypi@1688.com,Bronze
9782,Leann Chinge de Hals,lchingepj@eventbrite.com,Silver
13214,Allyce Cornford,acornfordpk@xinhuanet.com,Bronze
21376,Clifford Huckell,chuckellpl@blinklist.com,Bronze
11151,Larry Snashall,lsnashallpm@cbslocal.com,Silver
15747,Cherlyn Pellamonuten,cpellamonutenpn@networkadvertising.org,Gold
29257,Max Janousek,mjanousekpo@techcrunch.com,Silver
28844,Tony Angrave,tangravepp@usgs.gov,None
29593,Kayley Randales,krandalespq@chron.com,Silver
38119,Sky Cream,screampr@newsvine.com,Silver
7415,Carol Malicki,cmalickips@earthlink.net,Silver
10640,Bern Woolley,bwoolleypt@jigsy.com,Platinum
17100,Jordan Tebbett,jtebbettpu@mit.edu,Platinum
25643,Jacky Hamblington,jhamblingtonpv@mayoclinic.com,Bronze
1764,Averill Josovich,ajosovichpw@home.pl,Silver
21739,Nikoletta Nunn,nnunnpx@gov.uk,Bronze
2941,Donnie Corkish,dcorkishpy@accuweather.com,Silver
19954,Benny Gorbell,bgorbellpz@wordpress.org,Bronze
14673,Kirbie Kilrow,kkilrowq0@blogger.com,Platinum
30369,Paddy Riddich,priddichq1@census.gov,Silver
9146,Bogey Shury,bshuryq2@instagram.com,None
31245,Gerri Sear,gsearq3@theguardian.com,Gold
23110,Inger Trousdale,itrousdaleq4@jugem.jp,Bronze
35224,Sosanna Berkery,sberkeryq5@ed.gov,Silver
1014,Risa Pawle,rpawleq6@angelfire.com,Gold
26270,Lisbeth Lipscomb,llipscombq7@weather.com,Bronze
18731,Engracia Lovatt,elovattq8@altervista.org,Silver
16974,Marylynne Howbrook,mhowbrookq9@drupal.org,Bronze
14866,Gordan Blooman,gbloomanqa@paypal.com,Platinum
24690,Boycey Camock,bcamockqb@blogger.com,Bronze
14896,Hillie Gibbens,hgibbensqc@prnewswire.com,None
1449,Frannie Nieass,fnieassqd@webeden.co.uk,Platinum
2412,Kerrin Retter,kretterqe@blog.com,Gold
22570,Hoyt Purry,hpurryqf@discovery.com,Platinum
32129,Michel Loades,mloadesqg@spotify.com,Silver
23648,Nichole Trett,ntrettqh@bloglines.com,Silver
30743,Laney Baythrop,lbaythropqi@xing.com,Gold
31637,Ancell Gudger,agudgerqj@dion.ne.jp,Gold
4715,Mirna Vakhrushin,mvakhrushinqk@irs.gov,Gold
24819,Darin Derham,dderhamql@xinhuanet.com,Silver
16714,Hobey Leigh,hleighqm@domainmarket.com,Silver
12778,Benton Roscrigg,broscriggqn@va.gov,Platinum
20031,Kippar Eastcourt,keastcourtqo@elpais.com,None
19872,Laurie Hedditeh,lhedditehqp@comcast.net,Platinum
12823,Clarance Luttgert,cluttgertqq@hao123.com,Gold
12251,Lydia Mouncey,lmounceyqr@ocn.ne.jp,Platinum
26279,Odelinda Jeenes,ojeenesqs@miitbeian.gov.cn,Bronze
30050,Fifine Canner,fcannerqt@tamu.edu,Silver
31646,Ursulina Betteney,ubetteneyqu@nps.gov,Bronze
6950,Carin Follitt,cfollittqv@sbwire.com,Silver
4813,Cassius McConnel,cmcconnelqw@xinhuanet.com,Silver
39022,Tedda McCarlich,tmccarlichqx@odnoklassniki.ru,Silver
30035,Zilvia Hurdidge,zhurdidgeqy@360.cn,Gold
16949,Lauree Magauran,lmagauranqz@privacy.gov.au,Silver
29211,Temple McClounan,tmcclounanr0@posterous.com,Bronze
11148,Briant Tanby,btanbyr1@freewebs.com,Bronze
6200,Arlette Santoro,asantoror2@ovh.net,Platinum
31014,Madelyn Merigeau,mmerigeaur3@t.co,Bronze
36472,Ashlie Rodenburgh,arodenburghr4@about.com,Platinum
33243,Adamo Gately,agatelyr5@nature.com,None
1657,Whitman Maletratt,wmaletrattr6@gov.uk,Bronze
28997,Aubrey Byas,abyasr7@last.fm,Silver
29407,Lorette Zukierman,lzukiermanr8@opera.com,Platinum
10792,Sharla Maciunas,smaciunasr9@amazon.co.jp,None
19026,Mischa Herrieven,mherrievenra@disqus.com,None
38597,Rossy McQuillen,rmcquillenrb@harvard.edu,Gold
1920,Stafford McBayne,smcbaynerc@constantcontact.com,Bronze
31842,Allyn Sommer,asommerrd@photobucket.com,Bronze
14168,Etty Wooding,ewoodingre@biblegateway.com,None
23337,Noach Rainford,nrainfordrf@livejournal.com,None
15688,Barb Sawer,bsawerrg@shop-pro.jp,Platinum
37598,Murielle Crossfeld,mcrossfeldrh@aol.com,None
9344,Germana Ing,gingri@dailymail.co.uk,Platinum
12310,Sergent Tupie,stupierj@theglobeandmail.com,Bronze
23059,Clevey Lockett,clockettrk@rakuten.co.jp,Platinum
3107,Stesha MacColl,smaccollrl@prweb.com,Bronze
23148,Gerardo Kensitt,gkensittrm@ted.com,None
30017,Orren Lafferty,olaffertyrn@tinyurl.com,Gold
32259,Janette Rasell,jrasellro@hibu.com,None
19463,Renado Hudspith,rhudspithrp@state.tx.us,Silver
26939,Durand Tipens,dtipensrq@marriott.com,Bronze
4514,Hashim Daish,hdaishrr@google.it,Platinum
